persona,role,style,can_parse_raw,phase1_choice,phase1_reason,phase2_choice,phase2_reason,changed
PjM-Abi,Project Manager,Abi,False,Run 43,"PjM-Abi prefers this tree as it seems to have the highest hold-out accuracy, though they understand that other trees also offer different trade-offs. She believes predictability and stability are essential, so she will need more details to make a fully confident decision. As her role is non-technical, the complexity of the rules may be overwhelming for her without further explanation from experts.",Run 20,"With the given options, this tree seems the most suitable for me as a Project Manager due to its stability and predictability in achieving consistent results with each run. It aligns with my preference for operational simplicity and step-by-step guidance while still addressing various parameters involved in decision-making processes. Although I find complex structures intimidating, I appreciate that this tree keeps things more straightforward compared to others mentioned. However, it's worth noting that the complexity level is slightly higher than what I'd ideally prefer.",no (my previous choice wasn't mentioned here)
PjM-Pat,Project Manager,Pat,False,Run 43,"As PjM-Pat, I prefer Run 43 due to its higher accuracy (77%) and stability at 56.7%. Although it has a slightly more complex tree than other runs with a normalized complexity score of 0.8333, it provides the best trade-off between stability and complexity in the Pareto frontier. I feel this option is most suitable for our project as we prioritize predictability and operational simplicity while trying to maximize performance.",Run 20,"As a Project Manager, I prioritize stability and simplicity in my decision-making process. This tree focuses on gamma, max grad norm, and learnin rate to provide guidance for hyperparameter choices during neural network training. The fact that it has some degree of simplicity yet maintains a good level of performance is appealing to me as it aligns with my preference for a reflective tinkerer approach. However, since ""not sure"" isn't allowed this time, I choose Run 20 for its stability and practicality. CHANGED: no [I didn't change from my previous choice which wasn't explicitly specified; this is just about selecting one among the provided options.]",unknown
PjM-Tim,Project Manager,Tim,False,Run 43,"Considering the stability and accuracy of each tree, Run 43 offers the highest hold-out accuracy (77%) while maintaining a decent stability percentage (56.7%). In the context of our project, balancing predictability with operational simplicity is important. Although other trees might have better complexity scores, they don't offer as much confidence in consistent results and dependable performance.",Run 43,"With its focus on optimizing multiple parameters, this tree seems to align with our project manager's priority of balance between complexity and stability. The description also emphasizes providing trade-offs, which suits their preference for direct communication about key decisions. It might be a better option despite having a slightly higher complexity score than the other trees.",no/yes   [no change from my previous choice was necessary]
PdM-Abi,Product Manager,Abi,False,Run 24,"As PdM-Abi, considering the trade-offs across all runs and keeping in mind accuracy as our top priority, Run 24 provides the highest hold-out accuracy (76%) alongside a good balance between stability and simplicity. The tree's complexity is also within an acceptable range. While not ideal for some aspects such as stability and complexity, it offers a reasonable compromise for all other factors.",,"PdM-Abi values accuracy and is risk-averse. This tree caters to these needs with a high accuracy (77%) while maintaining a relatively low complexity score. Its focus on the relevant features and the extensive training will ensure more reliable outcomes for product managers making critical decisions. While it's not the simplest option, its stability ensures a consistent performance. The decision is based on PdM-Abi's priorities and cognitive style, so there isn't a need to change from our previous choice.",no
PdM-Pat,Product Manager,Pat,False,Run 43,"As PdM-Pat, considering the trade-offs represented in these trees, I prefer Run 43. It appears to achieve a balance between accuracy (77%) and stability (56.7%), while maintaining relatively simpler complexity (0.8333). While the other runs show higher accuracies or stabilities, their complexities are also much higher. This makes it difficult for customers to grasp, which might affect our product's usability. Given its balance of factors, Run 43 seems most suitable for our research study.",Run 43,"As a Product Manager, I find this model satisfying due to its balanced complexity and good performance on the acrobot task with an accuracy of 77%. Its focus on accuracy, stability, and complexity aligns well with my priorities.","no   [i chose run 43 in phase 1 as well, but clarified my decision with this explanation.]"
PdM-Tim,Product Manager,Tim,False,"Run 43   (Accuracy of 77% is most important, and this run has the highest accuracy among options.)","As a risk-tolerant product manager prioritizing high-accuracy results, I choose Run 43 because its model has been trained on more data points (223) with an accuracy of 77%. While stability, complexity, and feature set are also important factors, the priority for user impact leans towards choosing a tree with higher levels of accuracy.",Run 43,"As a risk-tolerant individual who is confident with data, this model seems to be the best fit for me. It achieves high accuracy (77%) and stability (56.7%), while also having a manageable tree complexity score. Focusing on finding a balance between various features and providing outcome-oriented results aligns with my priorities.",no   [i did not change from phase 1's choice]
SWE-Abi,Software Engineer,Abi,True,Run 43,"As SWE-Abi, I prefer Run 43 because it provides the highest accuracy at 77%, while also offering a relatively stable tree with a good balance of complexity. Although other runs have different trade-offs in terms of complexity or stability, the decision is based on my priority for accurate outcomes and maintaining a clear understanding of the chosen parameters' effects.",Run 24,"This decision-tree model aligns with my preferences for accuracy, stability and has a relatively simpler structure. Although not ideal in terms of complexity, it offers a better balance than the other runs provided here.",no   [i didn't change from my previous choice if given]
SWE-Pat,Software Engineer,Pat,True,Run 43,"From the given information, my preferred tree is Run 43 due to its high accuracy of 77%. It may have lower stability compared to other runs, but it has a relatively low complexity score and features that seem relevant for my task. The balance between accuracy, stability, and complexity helps me better evaluate these trees from an engineering perspective.",Run 43,"This tree prioritizes accuracy and complexity, aligning with my preferences as a software engineer focused on efficiency. It also provides a clear insight into how parameters impact the model's performance. Though it has higher complexity than I initially considered, its potential usefulness in edge cases may be advantageous for making better-informed decisions.",no   [no change from my phase 1 choice]
SWE-Tim,Software Engineer,Tim,True,Run 24,"The tree in run 24 has a higher stability and a similar accuracy, but less complex than the tree in run 43. It seems to be more robust due to its higher stability percentage. Meanwhile, the tree in run 20 has lower stability and slightly lower accuracy while being more complex. Therefore, I prefer run 24 as it strikes a balance between complexity, stability, and accuracy.",Run 20,"As a risk-tolerant software engineer who values accuracy, stability and complexity insights, the tree with run 20 offers comprehensive conditions for various scenarios. It simplifies optimization efforts by providing guidelines based on Gamma, Maxgrad_norm, Learninrate, and other attributes that affect the algorithm's performance.",no   [i previously didn't have such detailed descriptions to make an informed choice]
